"LV-Nr";"Fachname";"Typ";"Vortragende";"Lehrstuhl";"Link"
"12.00078";"Actions and Planning in AI: Learning, Models, and Algorithms";"UE";"Jansen, Niklas; Reiter, Jonas Laurenz";"Lehrstuhl für Maschinelles Lernen und Inferenz (Informatik 6)";"https://online.rwth-aachen.de/RWTHonline/ee/ui/ca2/app/desktop/#/slc.tm.cp/student/courses/563270"
"12.00056";"Actions and Planning in AI: Learning, Models, and Algorithms";"VO";"Geffner, Hector";"Lehrstuhl für Maschinelles Lernen und Inferenz (Informatik 6)";"https://online.rwth-aachen.de/RWTHonline/ee/ui/ca2/app/desktop/#/slc.tm.cp/student/courses/562834"
"12.00039";"Advanced Algorithmic Differentiation";"VU";"Naumann, Uwe; Kauerauf, Gero Fritz";"Lehr- und Forschungsgebiet Software und Werkzeuge für Computational Engineering";"https://online.rwth-aachen.de/RWTHonline/ee/ui/ca2/app/desktop/#/slc.tm.cp/student/courses/563150"
"12.00029";"Advanced Algorithms";"SE";"Hoefer, Martin Karl Wilhelm";"Lehrstuhl für Algorithmen und Komplexität (Informatik 1)";"https://online.rwth-aachen.de/RWTHonline/ee/ui/ca2/app/desktop/#/slc.tm.cp/student/courses/586995"
"61.31013";"Advanced Coding and Modulation";"UE";"Jax, Peter Johannes; Hahn, Johannes Christofer; Hardenbicker, Till Vincent";"Lehrstuhl und Institut für Kommunikationssysteme";"https://online.rwth-aachen.de/RWTHonline/ee/ui/ca2/app/desktop/#/slc.tm.cp/student/courses/560995"
"61.31012";"Advanced Coding and Modulation";"VO";"Jax, Peter Johannes; Hahn, Johannes Christofer; Hardenbicker, Till Vincent";"Lehrstuhl und Institut für Kommunikationssysteme";"https://online.rwth-aachen.de/RWTHonline/ee/ui/ca2/app/desktop/#/slc.tm.cp/student/courses/561296"
"12.24002";"Advanced Internet Technology (Übung)";"UE";"Büning, Julian Ruben; Fibich, Arthur Marcel; Hamza, Majd";"Lehrstuhl für Kommunikation und verteilte Systeme (Informatik 4)";"https://online.rwth-aachen.de/RWTHonline/ee/ui/ca2/app/desktop/#/slc.tm.cp/student/courses/560757"
"12.24001";"Advanced Internet Technology (Vorlesung)";"VO";"Wehrle, Klaus";"Lehrstuhl für Kommunikation und verteilte Systeme (Informatik 4)";"https://online.rwth-aachen.de/RWTHonline/ee/ui/ca2/app/desktop/#/slc.tm.cp/student/courses/560368"
"12.34452";"Advanced Machine Learning";"VO";"Leibe, Bastian";"Lehrstuhl für Computer Vision (Informatik 13)";"https://online.rwth-aachen.de/RWTHonline/ee/ui/ca2/app/desktop/#/slc.tm.cp/student/courses/560900"
"12.25112";"Advanced Process Mining";"UE";"van der Aalst, Willibrordus Martinus Pancratius; Knopp, Benedikt; Pitsch, Cameron; Peeva, Viki; Brockhoff, Tobias";"Lehrstuhl für Process and Data Science (Informatik 9)";"https://online.rwth-aachen.de/RWTHonline/ee/ui/ca2/app/desktop/#/slc.tm.cp/student/courses/562097"
"12.25111";"Advanced Process Mining";"VO";"van der Aalst, Willibrordus Martinus Pancratius";"Lehrstuhl für Process and Data Science (Informatik 9)";"https://online.rwth-aachen.de/RWTHonline/ee/ui/ca2/app/desktop/#/slc.tm.cp/student/courses/562096"
"12.00052";"Advanced Topics in IT-Security and Cryptograpy";"SE";"Drichel, Arthur; Ehrmanntraut, Vincent Cosme; Meyer, Ulrike Michaela";"Lehr- und Forschungsgebiet IT-Sicherheit";"https://online.rwth-aachen.de/RWTHonline/ee/ui/ca2/app/desktop/#/slc.tm.cp/student/courses/563873"
"12.00104";"Advanced Topics in IT-Security and Cryptograpy";"SE";"Drichel, Arthur; Ehrmanntraut, Vincent Cosme; Meyer, Ulrike Michaela";"Lehr- und Forschungsgebiet IT-Sicherheit";"https://online.rwth-aachen.de/RWTHonline/ee/ui/ca2/app/desktop/#/slc.tm.cp/student/courses/562849"
"12.00047";"Advanced Topics in Network Science";"SE";"Schaub, Michael Thomas";"Lehrstuhl für Computational Network Science";"https://online.rwth-aachen.de/RWTHonline/ee/ui/ca2/app/desktop/#/slc.tm.cp/student/courses/563406"
"12.02001";"Advanced Topics in Reinforcement Learning and Planning";"SE";"Geffner, Hector";"Lehrstuhl für Maschinelles Lernen und Inferenz (Informatik 6)";"https://online.rwth-aachen.de/RWTHonline/ee/ui/ca2/app/desktop/#/slc.tm.cp/student/courses/575648"
"12.00109";"Agentic AI in a 2D Video Game";"PR";"Hufnagel, Paul; Netz, Lukas Stephan Michael; Nqiri, Haron Samy; Thillmann, Henrik";"Lehrstuhl für Software Engineering (Informatik 3)";"https://online.rwth-aachen.de/RWTHonline/ee/ui/ca2/app/desktop/#/slc.tm.cp/student/courses/587080"
"12.00117";"AI as Co-Teacher? Opportunities and Challenges of Generative AI in Schools";"SE";"Ehlenz, Matthias Siegfried";"Lehr- und Forschungsgebiet Lerntechnologien";"https://online.rwth-aachen.de/RWTHonline/ee/ui/ca2/app/desktop/#/slc.tm.cp/student/courses/587083"
"12.00060";"AI Self-Reflection - Understanding How LLMs Learn from Themselves";"SE";"Decker, Stefan Josef; Moosmann, Paul; Morad, Milad; Reiners, René";"Lehrstuhl für Informationssysteme und Datenbanken (Informatik 5)";"https://online.rwth-aachen.de/RWTHonline/ee/ui/ca2/app/desktop/#/slc.tm.cp/student/courses/587003"
"12.00030";"Aktuelle Themen der Effizienten Algorithmen";"SE";"Seibert, Sebastian";"Lehrstuhl für Algorithmen und Komplexität (Informatik 1)";"https://online.rwth-aachen.de/RWTHonline/ee/ui/ca2/app/desktop/#/slc.tm.cp/student/courses/586996"
"12.58042";"Aktuelle Themen in der Fluidsimulation";"SE";"Bender, Jan Stephen";"Lehr- und Forschungsgebiet Computer Animation";"https://online.rwth-aachen.de/RWTHonline/ee/ui/ca2/app/desktop/#/slc.tm.cp/student/courses/560320"
"11.33691";"Algebra";"VO";"Zerz, Eva Barbara";"Lehr- und Forschungsgebiet Mathematik (Algebra)";"https://online.rwth-aachen.de/RWTHonline/ee/ui/ca2/app/desktop/#/slc.tm.cp/student/courses/561105"
"11.33692";"Algebra (Übung)";"UE";"Rohde, Yannic; Zerz, Eva Barbara";"Lehr- und Forschungsgebiet Mathematik (Algebra)";"https://online.rwth-aachen.de/RWTHonline/ee/ui/ca2/app/desktop/#/slc.tm.cp/student/courses/561885"
"12.00092";"Algorithmische Spieltheorie";"VO";"Hoefer, Martin Karl Wilhelm";"Lehrstuhl für Algorithmen und Komplexität (Informatik 1)";"https://online.rwth-aachen.de/RWTHonline/ee/ui/ca2/app/desktop/#/slc.tm.cp/student/courses/574215"
"12.00115";"Algorithms";"SE";"Hoefer, Martin Karl Wilhelm";"Lehrstuhl für Algorithmen und Komplexität (Informatik 1)";"https://online.rwth-aachen.de/RWTHonline/ee/ui/ca2/app/desktop/#/slc.tm.cp/student/courses/563905"
"15.00210";"Allgemeine Technische Chemie und Makromolekulare Chemie";"VO";"Hausoul, Peter Jozef; Mourran, Ahmed";"Lehrstuhl für Makromolekulare Materialien und Systeme";"https://online.rwth-aachen.de/RWTHonline/ee/ui/ca2/app/desktop/#/slc.tm.cp/student/courses/560825"
"41.00346";"Angewandte Konstruktion und Produktentwicklung I";"VO";"Behr, Marek; Bosse, Dennis; Corves, Burkhard; Heimes, Heiner Hans; Hüsing, Mathias; Kowalski, Julia; Reisgen, Uwe Kaspar; Schmitz, Katharina; Schröder, Kai-Uwe; Zerwas, Thilo Heiner Anton";"Lehrstuhl und Institut für Maschinenelemente und Systementwicklung";"https://online.rwth-aachen.de/RWTHonline/ee/ui/ca2/app/desktop/#/slc.tm.cp/student/courses/563791"
"41.00347";"Angewandte Konstruktion und Produktentwicklung I Projektgruppe";"";"Behr, Marek; Bosse, Dennis; Corves, Burkhard; Heimes, Heiner Hans; Hüsing, Mathias; Kowalski, Julia; Moers, Frederik; Reisgen, Uwe Kaspar; Schmitz, Katharina; Schröder, Kai-Uwe";"Lehrstuhl und Institut für Maschinenelemente und Systementwicklung";"https://online.rwth-aachen.de/RWTHonline/ee/ui/ca2/app/desktop/#/slc.tm.cp/student/courses/564171"
"12.00139";"Applications of AI in Games";"PR";"Dettmer, Justin; Dierkes, Julian; Kalkreuth, Roman Tobias; Shavit, Hadar";"Lehrstuhl für Methodik der Künstlichen Intelligenz (Informatik 14)";"https://online.rwth-aachen.de/RWTHonline/ee/ui/ca2/app/desktop/#/slc.tm.cp/student/courses/562712"
"12.00247";"Applied Formal Methods Lab";"PR";"Völker, Marcus";"Lehrstuhl für Embedded Software (Informatik 11)";"https://online.rwth-aachen.de/RWTHonline/ee/ui/ca2/app/desktop/#/slc.tm.cp/student/courses/587027"
"12.04000";"Artificial Intelligence for Robotics";"PR";"Geffner, Hector";"Lehrstuhl für Maschinelles Lernen und Inferenz (Informatik 6)";"https://online.rwth-aachen.de/RWTHonline/ee/ui/ca2/app/desktop/#/slc.tm.cp/student/courses/575649"
"12.45873";"Ausgesuchte Themen zur Eingebetteten Software";"SE";"Kowalewski, Stefan";"Lehrstuhl für Embedded Software (Informatik 11)";"https://online.rwth-aachen.de/RWTHonline/ee/ui/ca2/app/desktop/#/slc.tm.cp/student/courses/562114"
"12.00063";"Automated Planning and Knowledge Representation";"SE";"Helal, Hayyan; Lynn, Matthew James";"Lehr- und Forschungsgebiet Wissensbasierte Systeme";"https://online.rwth-aachen.de/RWTHonline/ee/ui/ca2/app/desktop/#/slc.tm.cp/student/courses/587004"
"12.00107";"Automatic Speech Recognition Search";"VO";"Schlüter, Ralf; Zeyer, Albert";"Lehrstuhl für Maschinelles Lernen und Inferenz (Informatik 6)";"https://online.rwth-aachen.de/RWTHonline/ee/ui/ca2/app/desktop/#/slc.tm.cp/student/courses/563157"
"12.00108";"Automatic Speech Recognition Search";"UE";"Schlüter, Ralf; Yang, Zijian";"Lehrstuhl für Maschinelles Lernen und Inferenz (Informatik 6)";"https://online.rwth-aachen.de/RWTHonline/ee/ui/ca2/app/desktop/#/slc.tm.cp/student/courses/563158"
"61.23106";"Automation of Complex Power Systems";"VU";"Monti, Antonello; Yavuzer, Aytug; Pananchickal Sajeev, Sreejith";"Lehrstuhl für Automation of Complex Power Systems";"https://online.rwth-aachen.de/RWTHonline/ee/ui/ca2/app/desktop/#/slc.tm.cp/student/courses/561605"
"41.02736";"Automotive Engineering II";"VO";"Eckstein, Lutz";"Lehrstuhl und Institut für Kraftfahrzeuge (ika)";"https://online.rwth-aachen.de/RWTHonline/ee/ui/ca2/app/desktop/#/slc.tm.cp/student/courses/561833"
"41.06258";"Automotive Engineering II";"UE";"Werner, Dominik; Yordanov, Ventseslav";"Lehrstuhl und Institut für Kraftfahrzeuge (ika)";"https://online.rwth-aachen.de/RWTHonline/ee/ui/ca2/app/desktop/#/slc.tm.cp/student/courses/560839"
"12.00146";"Building Large Language Model Applications";"PR";"Decker, Stefan Josef; Mou, Yongli; Peng, Yixin";"Lehrstuhl für Informationssysteme und Datenbanken (Informatik 5)";"https://online.rwth-aachen.de/RWTHonline/ee/ui/ca2/app/desktop/#/slc.tm.cp/student/courses/562594"
"12.25110";"Business Process Intelligence";"UE";"Graves, Nina Yvette; Küsters, Aaron Ruben; Rennert, Christian; van der Aalst, Willibrordus Martinus Pancratius";"Lehrstuhl für Process and Data Science (Informatik 9)";"https://online.rwth-aachen.de/RWTHonline/ee/ui/ca2/app/desktop/#/slc.tm.cp/student/courses/562076"
"12.25109";"Business Process Intelligence";"VO";"van der Aalst, Willibrordus Martinus Pancratius; Graves, Nina Yvette; Küsters, Aaron Ruben; Rennert, Christian";"Lehrstuhl für Process and Data Science (Informatik 9)";"https://online.rwth-aachen.de/RWTHonline/ee/ui/ca2/app/desktop/#/slc.tm.cp/student/courses/562075"
"12.00058";"Competitive Programming";"PR";"Barth, Naomi; Gehnen, Matthias; Mock, Daniel Alexander; Rossmanith, Peter";"Lehr- und Forschungsgebiet Theoretische Informatik";"https://online.rwth-aachen.de/RWTHonline/ee/ui/ca2/app/desktop/#/slc.tm.cp/student/courses/563437"
"12.00096";"Computational Mathematical Modelling Program (CAMMP)";"PR";"Büsing, Christina Maria Katharina";"Lehr- und Forschungsgebiet Kombinatorische Optimierung";"https://online.rwth-aachen.de/RWTHonline/ee/ui/ca2/app/desktop/#/slc.tm.cp/student/courses/587077"
"13.29361";"Computational Physics";"VU";"Weßel, Stefan";"Lehr- und Forschungsgebiet Theoretische Physik (kondensierte Materie)";"https://online.rwth-aachen.de/RWTHonline/ee/ui/ca2/app/desktop/#/slc.tm.cp/student/courses/561542"
"12.14726";"Computer Vision";"VU";"Leibe, Bastian";"Lehrstuhl für Computer Vision (Informatik 13)";"https://online.rwth-aachen.de/RWTHonline/ee/ui/ca2/app/desktop/#/slc.tm.cp/student/courses/561315"
"42.00018";"Continuum Mechanical Modeling for Simulation Science";"VO";"Steldermann, Ingo";"Lehrstuhl für Methoden der Modellbasierten Entwicklung in den Computergestützten Ingenieurwissenschaften";"https://online.rwth-aachen.de/RWTHonline/ee/ui/ca2/app/desktop/#/slc.tm.cp/student/courses/563196"
"42.35037";"Continuum Mechanical Modeling for Simulation Science";"UE";"Correa, Alan Jason; Chen, Qian";"Lehrstuhl für Methoden der Modellbasierten Entwicklung in den Computergestützten Ingenieurwissenschaften";"https://online.rwth-aachen.de/RWTHonline/ee/ui/ca2/app/desktop/#/slc.tm.cp/student/courses/563076"
"12.56283";"Current Topics in Computer Graphics and Geometry Processing";"SE";"Kobbelt, Leif";"Lehrstuhl für Computergraphik, Geometrie und Multimedia (Informatik 8)";"https://online.rwth-aachen.de/RWTHonline/ee/ui/ca2/app/desktop/#/slc.tm.cp/student/courses/561276"
"12.42725";"Current Topics in Media Computing and HCI";"VU";"Borchers, Jan Oliver";"Lehrstuhl für Medieninformatik und Mensch-Computer-Interaktion (Informatik 10)";"https://online.rwth-aachen.de/RWTHonline/ee/ui/ca2/app/desktop/#/slc.tm.cp/student/courses/561835"
"12.00057";"Current Topics in Software Architecture";"SE";"Seiger, Ronny";"Lehr- und Forschungsgebiet Softwarearchitektur";"https://online.rwth-aachen.de/RWTHonline/ee/ui/ca2/app/desktop/#/slc.tm.cp/student/courses/587000"
"KP.00011";"Data Science for Medical Applications";"SE";"Sifa, Rafet";"Bonn-Aachen International Center for Information Technology";"https://online.rwth-aachen.de/RWTHonline/ee/ui/ca2/app/desktop/#/slc.tm.cp/student/courses/562874"
"12.00069";"Data Science in Medicine Seminar";"SE";"Decker, Stefan Josef; Mou, Yongli; Hayat, Sikander; Peng, Yixin";"Lehrstuhl für Informationssysteme und Datenbanken (Informatik 5)";"https://online.rwth-aachen.de/RWTHonline/ee/ui/ca2/app/desktop/#/slc.tm.cp/student/courses/563309"
"12.00023";"Datenstrommanagement und -analyse";"VU";"Geisler, Sandra; Belova, Anastasiia Albertovna; Kim, Soo-Yon";"Juniorprofessur für Datenstrom-Management und -Analyse";"https://online.rwth-aachen.de/RWTHonline/ee/ui/ca2/app/desktop/#/slc.tm.cp/student/courses/563266"
"12.04001";"Deep Learning for Structured Data";"VU";"Morris, Christopher";"Lehrstuhl für Maschinelles Lernen auf Graphen";"https://online.rwth-aachen.de/RWTHonline/ee/ui/ca2/app/desktop/#/slc.tm.cp/student/courses/575806"
"12.06506";"Designing Interactive Systems II";"VU";"Borchers, Jan Oliver";"Lehrstuhl für Medieninformatik und Mensch-Computer-Interaktion (Informatik 10)";"https://online.rwth-aachen.de/RWTHonline/ee/ui/ca2/app/desktop/#/slc.tm.cp/student/courses/561746"
"12.24203";"Digitalisierung der Produktion";"PR";"Schroeder, Ulrik; Judel, Sven; Salmen, Frederic";"Lehr- und Forschungsgebiet Lerntechnologien";"https://online.rwth-aachen.de/RWTHonline/ee/ui/ca2/app/desktop/#/slc.tm.cp/student/courses/562568"
"61.00042";"Digitization of Energy Distribution Grids";"VO";"Ulbig, Andreas; Sen, Ömer; Mahjoob, Amirali";"Lehrstuhl für Aktive Energieverteilnetze";"https://online.rwth-aachen.de/RWTHonline/ee/ui/ca2/app/desktop/#/slc.tm.cp/student/courses/562812"
"61.00041";"Digitization of Energy Distribution Grids";"UE";"Sen, Ömer; Mahjoob, Amirali; Ulbig, Andreas";"Lehrstuhl für Aktive Energieverteilnetze";"https://online.rwth-aachen.de/RWTHonline/ee/ui/ca2/app/desktop/#/slc.tm.cp/student/courses/562462"
"11.53160";"Diskrete Mathematik I";"UE";"Eickhoff, Katharina; Pabst, Philipp Tobias";"Lehrstuhl für Management Science";"https://online.rwth-aachen.de/RWTHonline/ee/ui/ca2/app/desktop/#/slc.tm.cp/student/courses/562121"
"11.53158";"Diskrete Mathematik I";"VO";"Peis, Britta";"Lehrstuhl für Management Science";"https://online.rwth-aachen.de/RWTHonline/ee/ui/ca2/app/desktop/#/slc.tm.cp/student/courses/561966"
"61.33737";"DSP Design Methodologies and Tools";"VO";"Leupers, Rainer";"Lehrstuhl für Software für Systeme auf Silizium";"https://online.rwth-aachen.de/RWTHonline/ee/ui/ca2/app/desktop/#/slc.tm.cp/student/courses/560578"
"61.33738";"DSP Design Methodologies and Tools";"UE";"Melarcode Vaidyanathan, Arunkumar; Cubero-Cascante, José Andres";"Lehrstuhl für Software für Systeme auf Silizium";"https://online.rwth-aachen.de/RWTHonline/ee/ui/ca2/app/desktop/#/slc.tm.cp/student/courses/560910"
"41.28942";"Einführung in die Arbeitswissenschaft";"VU";"Nitsch, Verena";"Lehrstuhl und Institut für Arbeitswissenschaft";"https://online.rwth-aachen.de/RWTHonline/ee/ui/ca2/app/desktop/#/slc.tm.cp/student/courses/561109"
"92.02555";"Einführung in die Medizinische Informatik: Vorlesung";"VO";"Röhrig, Rainer";"Institut und Lehrstuhl für Medizinische Informatik";"https://online.rwth-aachen.de/RWTHonline/ee/ui/ca2/app/desktop/#/slc.tm.cp/student/courses/561748"
"12.24196";"Einführung in eingebettete Systeme";"VU";"Kowalewski, Stefan";"Lehrstuhl für Embedded Software (Informatik 11)";"https://online.rwth-aachen.de/RWTHonline/ee/ui/ca2/app/desktop/#/slc.tm.cp/student/courses/561168"
"12.00018";"Embedded Systems (International Academy)";"VU";"Kowalewski, Stefan";"Lehrstuhl für Embedded Software (Informatik 11)";"https://online.rwth-aachen.de/RWTHonline/ee/ui/ca2/app/desktop/#/slc.tm.cp/student/courses/563731"
"12.00073";"Emerging Technologies in Educational Technology: AI and Learning Analytics";"SE";"Ali, Lubna Kamel Nazih; Schroeder, Ulrik";"Lehr- und Forschungsgebiet Lerntechnologien";"https://online.rwth-aachen.de/RWTHonline/ee/ui/ca2/app/desktop/#/slc.tm.cp/student/courses/563220"
"13.38568";"Experimentalphysik IV : Atome, Moleküle, Kerne (Übungsgruppen)";"UE";"von Plessen, Gero";"Lehr- und Forschungsgebiet Physik";"https://online.rwth-aachen.de/RWTHonline/ee/ui/ca2/app/desktop/#/slc.tm.cp/student/courses/560272"
"13.06243";"Experimentalphysik IV : Atome, Moleküle, Kerne (Vorlesung)";"VO";"von Plessen, Gero";"Lehr- und Forschungsgebiet Physik";"https://online.rwth-aachen.de/RWTHonline/ee/ui/ca2/app/desktop/#/slc.tm.cp/student/courses/560350"
"41.02431";"Fabrikplanung";"VO";"Dannapfel, Heinrich Matthias; Kapella, Christopher Thomas; Kuck, Moritz; Walter, Alexander";"Lehrstuhl für Produktionssystematik";"https://online.rwth-aachen.de/RWTHonline/ee/ui/ca2/app/desktop/#/slc.tm.cp/student/courses/561839"
"41.51521";"Fabrikplanung";"UE";"Kapella, Christopher Thomas; Dannapfel, Heinrich Matthias; Kuck, Moritz; Walter, Alexander";"Lehrstuhl für Produktionssystematik";"https://online.rwth-aachen.de/RWTHonline/ee/ui/ca2/app/desktop/#/slc.tm.cp/student/courses/560845"
"41.06947";"Fahrzeugtechnik II";"UE";"Werner, Dominik; Yordanov, Ventseslav";"Lehrstuhl und Institut für Kraftfahrzeuge (ika)";"https://online.rwth-aachen.de/RWTHonline/ee/ui/ca2/app/desktop/#/slc.tm.cp/student/courses/561281"
"41.01325";"Fahrzeugtechnik II";"VO";"Eckstein, Lutz";"Lehrstuhl und Institut für Kraftfahrzeuge (ika)";"https://online.rwth-aachen.de/RWTHonline/ee/ui/ca2/app/desktop/#/slc.tm.cp/student/courses/561058"
"41.02401";"Faserverbundwerkstoffe I";"VO";"Fischer, Kai; Hopmann, Christian; Schröder, Kai-Uwe";"Lehrstuhl für Kunststoffverarbeitung";"https://online.rwth-aachen.de/RWTHonline/ee/ui/ca2/app/desktop/#/slc.tm.cp/student/courses/561634"
"41.05602";"Faserverbundwerkstoffe I";"UE";"Fischer, Kai; Weber, Maximilian";"Lehrstuhl für Kunststoffverarbeitung";"https://online.rwth-aachen.de/RWTHonline/ee/ui/ca2/app/desktop/#/slc.tm.cp/student/courses/561099"
"61.00263";"Fehler und Stabilität in Elektrizitätsversorgungssystemen";"UE";"Moser, Albert; Dohlen, Damian";"Lehrstuhl für Übertragungsnetze und Energiewirtschaft";"https://online.rwth-aachen.de/RWTHonline/ee/ui/ca2/app/desktop/#/slc.tm.cp/student/courses/560444"
"61.06867";"Fehler und Stabilität in Elektrizitätsversorgungssystemen";"VO";"Moser, Albert; Dohlen, Damian";"Lehrstuhl für Übertragungsnetze und Energiewirtschaft";"https://online.rwth-aachen.de/RWTHonline/ee/ui/ca2/app/desktop/#/slc.tm.cp/student/courses/561798"
"41.02660";"Fertigungstechnik II";"UE";"Bergs, Thomas";"Lehrstuhl für Fertigungstechnologie";"https://online.rwth-aachen.de/RWTHonline/ee/ui/ca2/app/desktop/#/slc.tm.cp/student/courses/561884"
"41.05342";"Fertigungstechnik II";"VO";"Bergs, Thomas";"Lehrstuhl für Fertigungstechnologie";"https://online.rwth-aachen.de/RWTHonline/ee/ui/ca2/app/desktop/#/slc.tm.cp/student/courses/561883"
"12.07121";"Fixpoints and Induction in Logic and Computer Science";"UE";"Löding, Christof; Novotny, Tomas";"Lehrstuhl für Logik und Theorie diskreter Systeme (Informatik 7)";"https://online.rwth-aachen.de/RWTHonline/ee/ui/ca2/app/desktop/#/slc.tm.cp/student/courses/563290"
"12.07120";"Fixpoints and Induction in Logic and Computer Science";"VO";"Löding, Christof";"Lehrstuhl für Logik und Theorie diskreter Systeme (Informatik 7)";"https://online.rwth-aachen.de/RWTHonline/ee/ui/ca2/app/desktop/#/slc.tm.cp/student/courses/562418"
"12.00048";"Formal Methods";"SE";"Abraham, Erika; Richter, Pascal";"Lehr- und Forschungsgebiet Theorie Hybrider Systeme";"https://online.rwth-aachen.de/RWTHonline/ee/ui/ca2/app/desktop/#/slc.tm.cp/student/courses/586999"
"12.53695";"Foundations of Functional Programming";"UE";"Giesl, Jürgen";"Lehr- und Forschungsgebiet Programmiersprachen und Verifikation";"https://online.rwth-aachen.de/RWTHonline/ee/ui/ca2/app/desktop/#/slc.tm.cp/student/courses/575145"
"12.53698";"Foundations of Functional Programming";"VO";"Giesl, Jürgen";"Lehr- und Forschungsgebiet Programmiersprachen und Verifikation";"https://online.rwth-aachen.de/RWTHonline/ee/ui/ca2/app/desktop/#/slc.tm.cp/student/courses/575146"
"KP.00018";"Fraunhofer Lab: Design Thinking";"PR";"Decker, Stefan Josef";"Bonn-Aachen International Center for Information Technology";"https://online.rwth-aachen.de/RWTHonline/ee/ui/ca2/app/desktop/#/slc.tm.cp/student/courses/562913"
"12.00044";"Full-Stack Development of Advances in Object-Centric Process Mining";"PR";"Leemans, Sander Jacobus Johannes; van Detten, Jan Niklas";"Lehr- und Forschungsgebiet Business Process Management Foundations and Engineering";"https://online.rwth-aachen.de/RWTHonline/ee/ui/ca2/app/desktop/#/slc.tm.cp/student/courses/562870"
"12.00019";"Fundamentals of Business Process Management - Übung";"UE";"van Detten, Jan Niklas";"Lehr- und Forschungsgebiet Business Process Management Foundations and Engineering";"https://online.rwth-aachen.de/RWTHonline/ee/ui/ca2/app/desktop/#/slc.tm.cp/student/courses/575251"
"12.00020";"Fundamentals of Business Process Management - Vorlesung";"VO";"Leemans, Sander Jacobus Johannes";"Lehr- und Forschungsgebiet Business Process Management Foundations and Engineering";"https://online.rwth-aachen.de/RWTHonline/ee/ui/ca2/app/desktop/#/slc.tm.cp/student/courses/575252"
"12.04237";"Funktionale Sicherheit und Systemzuverlässigkeit";"VU";"Kowalewski, Stefan";"Lehrstuhl für Embedded Software (Informatik 11)";"https://online.rwth-aachen.de/RWTHonline/ee/ui/ca2/app/desktop/#/slc.tm.cp/student/courses/560401"
"11.53666";"Ganzzahlige Lineare Optimierung";"VO";"Koster, Arie Marinus";"Lehr- und Forschungsgebiet Diskrete Optimierung";"https://online.rwth-aachen.de/RWTHonline/ee/ui/ca2/app/desktop/#/slc.tm.cp/student/courses/561840"
"11.57420";"Ganzzahlige Lineare Optimierung";"UE";"Draeger, Maurice; Schieren, Marius";"Lehr- und Forschungsgebiet Diskrete Optimierung";"https://online.rwth-aachen.de/RWTHonline/ee/ui/ca2/app/desktop/#/slc.tm.cp/student/courses/560301"
"12.29408";"Geometrieverarbeitung";"VO";"Kobbelt, Leif";"Lehrstuhl für Computergraphik, Geometrie und Multimedia (Informatik 8)";"https://online.rwth-aachen.de/RWTHonline/ee/ui/ca2/app/desktop/#/slc.tm.cp/student/courses/561595"
"12.29745";"Geometrieverarbeitung";"UE";"Kobbelt, Leif";"Lehrstuhl für Computergraphik, Geometrie und Multimedia (Informatik 8)";"https://online.rwth-aachen.de/RWTHonline/ee/ui/ca2/app/desktop/#/slc.tm.cp/student/courses/560772"
"12.30002";"Geometry Processing and 3D Printing";"PR";"Kobbelt, Leif; Möbius, Jan";"Lehrstuhl für Computergraphik, Geometrie und Multimedia (Informatik 8)";"https://online.rwth-aachen.de/RWTHonline/ee/ui/ca2/app/desktop/#/slc.tm.cp/student/courses/561695"
"41.17507";"Grundlagen der Biomechanik des Bewegungsapparates";"VU";"Radermacher, Klaus Michael; Stoffel, Marcus";"Lehrstuhl für Medizintechnik";"https://online.rwth-aachen.de/RWTHonline/ee/ui/ca2/app/desktop/#/slc.tm.cp/student/courses/561408"
"61.30002";"Grundlagen Elektrischer Maschinen";"UE";"Skrobacz, Aurelia";"Lehrstuhl für Elektrische Maschinen und Antriebe und Institut für Elektrische Maschinen";"https://online.rwth-aachen.de/RWTHonline/ee/ui/ca2/app/desktop/#/slc.tm.cp/student/courses/560336"
"61.30001";"Grundlagen Elektrischer Maschinen";"VO";"Steentjes, Simon; Skrobacz, Aurelia";"Lehrstuhl für Elektrische Maschinen und Antriebe und Institut für Elektrische Maschinen";"https://online.rwth-aachen.de/RWTHonline/ee/ui/ca2/app/desktop/#/slc.tm.cp/student/courses/561498"
"12.00106";"Hands-On Application Development for Mobile and Web Based 3D Content Creation";"PR";"Rumpe, Bernhard Dieter";"Lehrstuhl für Software Engineering (Informatik 3)";"https://online.rwth-aachen.de/RWTHonline/ee/ui/ca2/app/desktop/#/slc.tm.cp/student/courses/587079"
"12.00062";"Hyperparameter Optimisation for Machine Learning";"PR";"Hoos, Holger Hendrik; Kalkreuth, Roman Tobias; Kocher, Nick Valentin; Shavit, Hadar";"Lehrstuhl für Methodik der Künstlichen Intelligenz (Informatik 14)";"https://online.rwth-aachen.de/RWTHonline/ee/ui/ca2/app/desktop/#/slc.tm.cp/student/courses/562871"
"75.00015";"Individuals and Technology - Advancing Seminar (Technik und Individuum)";"SE";"Schiffer, Stefan";"Lehrstuhl für Technik und Individuum";"https://online.rwth-aachen.de/RWTHonline/ee/ui/ca2/app/desktop/#/slc.tm.cp/student/courses/562642"
"12.54308";"Industrial Data Security (Übung)";"UE";"Henze, Martin";"Juniorprofessur für Sicherheit und Datenschutz in industrieller Kooperation";"https://online.rwth-aachen.de/RWTHonline/ee/ui/ca2/app/desktop/#/slc.tm.cp/student/courses/562432"
"12.54307";"Industrial Data Security (Vorlesung)";"VO";"Henze, Martin";"Juniorprofessur für Sicherheit und Datenschutz in industrieller Kooperation";"https://online.rwth-aachen.de/RWTHonline/ee/ui/ca2/app/desktop/#/slc.tm.cp/student/courses/563976"
"12.54303";"Industrial Intrusion Detection Lab";"PR";"Henze, Martin";"Juniorprofessur für Sicherheit und Datenschutz in industrieller Kooperation";"https://online.rwth-aachen.de/RWTHonline/ee/ui/ca2/app/desktop/#/slc.tm.cp/student/courses/563817"
"81.44737";"Informationsmanagement";"UE";"Reimers, Kai";"Lehr- und Forschungsgebiet Wirtschaftsinformatik";"https://online.rwth-aachen.de/RWTHonline/ee/ui/ca2/app/desktop/#/slc.tm.cp/student/courses/561846"
"81.25183";"Informationsmanagement";"VO";"Reimers, Kai";"Lehr- und Forschungsgebiet Wirtschaftsinformatik";"https://online.rwth-aachen.de/RWTHonline/ee/ui/ca2/app/desktop/#/slc.tm.cp/student/courses/561181"
"12.00066";"Intelligent Data Management with Generative AI";"SE";"Geisler, Sandra";"Juniorprofessur für Datenstrom-Management und -Analyse";"https://online.rwth-aachen.de/RWTHonline/ee/ui/ca2/app/desktop/#/slc.tm.cp/student/courses/587005"
"41.38297";"Intelligente Sensor Systeme für Robotik Anwendungen";"VU";"Baraka, Ahmed Yasser Abdelghany Mohamed; Schmitt, Robert Heinrich";"Lehrstuhl für Informations-, Qualitäts- und Sensorsysteme in der Produktion";"https://online.rwth-aachen.de/RWTHonline/ee/ui/ca2/app/desktop/#/slc.tm.cp/student/courses/560469"
"81.00020";"International Economics";"VO";"Lorz, Jens Oliver";"Lehr- und Forschungsgebiet Internationale Wirtschaftsbeziehungen";"https://online.rwth-aachen.de/RWTHonline/ee/ui/ca2/app/desktop/#/slc.tm.cp/student/courses/563982"
"81.00027";"International Economics";"UE";"Lux, Samuel Kamal";"Lehr- und Forschungsgebiet Internationale Wirtschaftsbeziehungen";"https://online.rwth-aachen.de/RWTHonline/ee/ui/ca2/app/desktop/#/slc.tm.cp/student/courses/562559"
"12.00145";"Introduction to Numerical Methods and Software with C++";"VU";"Kichler, Neil Joram; Naumann, Uwe";"Lehr- und Forschungsgebiet Software und Werkzeuge für Computational Engineering";"https://online.rwth-aachen.de/RWTHonline/ee/ui/ca2/app/desktop/#/slc.tm.cp/student/courses/563589"
"12.00077";"Introduction to Object-Centric Process Mining";"SE";"van der Aalst, Willibrordus Martinus Pancratius; Liß, Lukas";"Lehrstuhl für Process and Data Science (Informatik 9)";"https://online.rwth-aachen.de/RWTHonline/ee/ui/ca2/app/desktop/#/slc.tm.cp/student/courses/563907"
"12.00085";"Introduction to Program Synthesis";"VO";"Hoos, Holger Hendrik";"Lehrstuhl für Methodik der Künstlichen Intelligenz (Informatik 14)";"https://online.rwth-aachen.de/RWTHonline/ee/ui/ca2/app/desktop/#/slc.tm.cp/student/courses/563516"
"12.00086";"Introduction to Program Synthesis";"UE";"Hoos, Holger Hendrik; Kalkreuth, Roman Tobias";"Lehrstuhl für Methodik der Künstlichen Intelligenz (Informatik 14)";"https://online.rwth-aachen.de/RWTHonline/ee/ui/ca2/app/desktop/#/slc.tm.cp/student/courses/562406"
"12.00102";"Introduction to Quantum Computing";"UE";"Gehnen, Christina; Unruh, Dominique";"Lehrstuhl für Quanteninformationssysteme (Informatik 15)";"https://online.rwth-aachen.de/RWTHonline/ee/ui/ca2/app/desktop/#/slc.tm.cp/student/courses/562508"
"12.00100";"Introduction to Quantum Computing";"VO";"Unruh, Dominique";"Lehrstuhl für Quanteninformationssysteme (Informatik 15)";"https://online.rwth-aachen.de/RWTHonline/ee/ui/ca2/app/desktop/#/slc.tm.cp/student/courses/562555"
"12.00095";"Introduction to Selected Topics in Process Mining";"SE";"Peeva, Viki";"Lehrstuhl für Process and Data Science (Informatik 9)";"https://online.rwth-aachen.de/RWTHonline/ee/ui/ca2/app/desktop/#/slc.tm.cp/student/courses/563649"
"81.34042";"IT und Organisation";"UE";"Reimers, Kai";"Lehr- und Forschungsgebiet Wirtschaftsinformatik";"https://online.rwth-aachen.de/RWTHonline/ee/ui/ca2/app/desktop/#/slc.tm.cp/student/courses/561143"
"81.34040";"IT und Organisation";"VO";"Reimers, Kai";"Lehr- und Forschungsgebiet Wirtschaftsinformatik";"https://online.rwth-aachen.de/RWTHonline/ee/ui/ca2/app/desktop/#/slc.tm.cp/student/courses/561841"
"12.53640";"IT-Sicherheit 2";"VU";"Meyer, Ulrike Michaela; Drichel, Arthur";"Lehr- und Forschungsgebiet IT-Sicherheit";"https://online.rwth-aachen.de/RWTHonline/ee/ui/ca2/app/desktop/#/slc.tm.cp/student/courses/575914"
"12.00032";"Knowledge Graph Lab";"PR";"Decker, Stefan Josef; Lange-Bever, Christoph; Busch, Moritz; Holzheim, Tim Luca; Kißgen, Maximilian Paul; Neumann, Laurenz Alexander";"Lehrstuhl für Informationssysteme und Datenbanken (Informatik 5)";"https://online.rwth-aachen.de/RWTHonline/ee/ui/ca2/app/desktop/#/slc.tm.cp/student/courses/563399"
"12.00059";"Knowledge Graphs Seminar";"SE";"Decker, Stefan Josef; Mou, Yongli; Peng, Yixin";"Lehrstuhl für Informationssysteme und Datenbanken (Informatik 5)";"https://online.rwth-aachen.de/RWTHonline/ee/ui/ca2/app/desktop/#/slc.tm.cp/student/courses/562427"
"12.00017";"Konzepte und Modelle der parallelen und datenzentrischen Programmierung";"VU";"Terboven, Christian; Schwitanski, Simon; Thärigen, Ben";"Lehrstuhl für Hochleistungsrechnen (Informatik 12)";"https://online.rwth-aachen.de/RWTHonline/ee/ui/ca2/app/desktop/#/slc.tm.cp/student/courses/562141"
"81.06326";"Künstliche Organe für Naturwissenschaftler und Ingenieure I";"VO";"Jansen, Sebastian Victor";"Lehr- und Forschungsgebiet Kardiovaskuläre Technik";"https://online.rwth-aachen.de/RWTHonline/ee/ui/ca2/app/desktop/#/slc.tm.cp/student/courses/561107"
"41.46347";"Kunststoffverarbeitung II";"UE";"Nillius, Uwe Jörg";"Lehrstuhl für Kunststoffverarbeitung";"https://online.rwth-aachen.de/RWTHonline/ee/ui/ca2/app/desktop/#/slc.tm.cp/student/courses/560209"
"41.05156";"Kunststoffverarbeitung II";"VO";"Hopmann, Christian";"Lehrstuhl für Kunststoffverarbeitung";"https://online.rwth-aachen.de/RWTHonline/ee/ui/ca2/app/desktop/#/slc.tm.cp/student/courses/560213"
"12.00054";"Lab Course: Graph Learning";"PR";"Javaid, Muhammad Bin; Kisin, Berke";"Lehrstuhl für Logik und Theorie diskreter Systeme (Informatik 7)";"https://online.rwth-aachen.de/RWTHonline/ee/ui/ca2/app/desktop/#/slc.tm.cp/student/courses/562138"
"12.00071";"Laboratory Deep Learning";"PR";"Leibe, Bastian";"Lehrstuhl für Computer Vision (Informatik 13)";"https://online.rwth-aachen.de/RWTHonline/ee/ui/ca2/app/desktop/#/slc.tm.cp/student/courses/563071"
"12.00031";"Learning in Verification";"SE";"Noll, Thomas";"Lehrstuhl für Softwaremodellierung und Verifikation (Informatik 2)";"https://online.rwth-aachen.de/RWTHonline/ee/ui/ca2/app/desktop/#/slc.tm.cp/student/courses/586997"
"12.24202";"Learning Technologies";"VU";"Schroeder, Ulrik; Heinemann, Birte; Hartanto, Jasmin";"Lehr- und Forschungsgebiet Lerntechnologien";"https://online.rwth-aachen.de/RWTHonline/ee/ui/ca2/app/desktop/#/slc.tm.cp/student/courses/562321"
"12.00011";"Leistungs- und Korrektheitsanalyse paralleler Programme";"VU";"Müller, Matthias Stefan; Schwitanski, Simon; Thärigen, Ben";"Lehrstuhl für Hochleistungsrechnen (Informatik 12)";"https://online.rwth-aachen.de/RWTHonline/ee/ui/ca2/app/desktop/#/slc.tm.cp/student/courses/562216"
"12.00009";"Linux Kernel Programming";"UE";"Gouicem, Redha";"Lehr- und Forschungsgebiet Betriebssysteme";"https://online.rwth-aachen.de/RWTHonline/ee/ui/ca2/app/desktop/#/slc.tm.cp/student/courses/563853"
"12.00002";"Linux Kernel Programming";"VO";"Gouicem, Redha";"Lehr- und Forschungsgebiet Betriebssysteme";"https://online.rwth-aachen.de/RWTHonline/ee/ui/ca2/app/desktop/#/slc.tm.cp/student/courses/562971"
"41.28982";"Luftverkehrssysteme";"VO";"Stumpf, Eike";"Lehrstuhl und Institut für Luft- und Raumfahrtsysteme (ILR)";"https://online.rwth-aachen.de/RWTHonline/ee/ui/ca2/app/desktop/#/slc.tm.cp/student/courses/560527"
"12.00091";"Machine Learning for Combinatorial Optimization";"PR";"Qian, Chendi; Siraudin, Antoine Grégoire Jehan Marie";"Lehrstuhl für Maschinelles Lernen auf Graphen";"https://online.rwth-aachen.de/RWTHonline/ee/ui/ca2/app/desktop/#/slc.tm.cp/student/courses/587074"
"81.15000";"Managerial Accounting and Controlling";"VO";"Letmathe, Peter; Baria, Yashvi";"Lehrstuhl für Controlling";"https://online.rwth-aachen.de/RWTHonline/ee/ui/ca2/app/desktop/#/slc.tm.cp/student/courses/563842"
"81.15001";"Managerial Accounting and Controlling";"UE";"Baria, Yashvi";"Lehrstuhl für Controlling";"https://online.rwth-aachen.de/RWTHonline/ee/ui/ca2/app/desktop/#/slc.tm.cp/student/courses/563754"
"12.00093";"Maschinelles Lernen auf Graphen";"SE";"Morris, Christopher";"Lehrstuhl für Maschinelles Lernen auf Graphen";"https://online.rwth-aachen.de/RWTHonline/ee/ui/ca2/app/desktop/#/slc.tm.cp/student/courses/587075"
"42.00004";"Mathematical Concepts of Machine Learning";"SE";"Solowjow, Friedrich";"Lehrstuhl für Data Science im Maschinenbau";"https://online.rwth-aachen.de/RWTHonline/ee/ui/ca2/app/desktop/#/slc.tm.cp/student/courses/564101"
"12.00128";"Mathematische Heuristiken in der diskreten Optimierung";"VO";"Büsing, Christina Maria Katharina";"Lehr- und Forschungsgebiet Kombinatorische Optimierung";"https://online.rwth-aachen.de/RWTHonline/ee/ui/ca2/app/desktop/#/slc.tm.cp/student/courses/564133"
"12.00083";"Mathematische Heuristiken in der diskreten Optimierung";"UE";"Engelhardt, Felix; Lauer, Bianca";"Lehr- und Forschungsgebiet Kombinatorische Optimierung";"https://online.rwth-aachen.de/RWTHonline/ee/ui/ca2/app/desktop/#/slc.tm.cp/student/courses/563020"
"41.00147";"Mechatronische Systeme in der Fahrzeugtechnik";"UE";"Jaeger, Nils; Swierc, Daniel Ludwig; Zick, Robin Rudi";"Lehrstuhl und Institut für Kraftfahrzeuge (ika)";"https://online.rwth-aachen.de/RWTHonline/ee/ui/ca2/app/desktop/#/slc.tm.cp/student/courses/560528"
"41.03896";"Mechatronische Systeme in der Fahrzeugtechnik";"VO";"Eckstein, Lutz; Pfaff, Raphael";"Lehrstuhl und Institut für Kraftfahrzeuge (ika)";"https://online.rwth-aachen.de/RWTHonline/ee/ui/ca2/app/desktop/#/slc.tm.cp/student/courses/561285"
"41.31814";"Medizintechnik für Studierende der Informatik";"VO";"Radermacher, Klaus Michael";"Lehrstuhl für Medizintechnik";"https://online.rwth-aachen.de/RWTHonline/ee/ui/ca2/app/desktop/#/slc.tm.cp/student/courses/561293"
"41.29013";"Mess- und Prüfverfahren in der Textiltechnik";"UE";"Veit, Dieter";"Lehrstuhl für Textilmaschinenbau und Institut für Textiltechnik";"https://online.rwth-aachen.de/RWTHonline/ee/ui/ca2/app/desktop/#/slc.tm.cp/student/courses/561378"
"41.29014";"Mess- und Prüfverfahren in der Textiltechnik";"VO";"Veit, Dieter";"Lehrstuhl für Textilmaschinenbau und Institut für Textiltechnik";"https://online.rwth-aachen.de/RWTHonline/ee/ui/ca2/app/desktop/#/slc.tm.cp/student/courses/561910"
"12.32767";"Mikrocontrollerprogrammierung und Fehlersuche";"VU";"Stollenwerk, Andre";"Lehrstuhl für Embedded Software (Informatik 11)";"https://online.rwth-aachen.de/RWTHonline/ee/ui/ca2/app/desktop/#/slc.tm.cp/student/courses/563452"
"12.00043";"Mixed Reality Lab";"PR";"Decker, Stefan Josef; Hensen, Benedikt";"Lehrstuhl für Informationssysteme und Datenbanken (Informatik 5)";"https://online.rwth-aachen.de/RWTHonline/ee/ui/ca2/app/desktop/#/slc.tm.cp/student/courses/562595"
"12.24004";"Mobile Internet Technology";"VU";"Thißen, Dirk";"Lehrstuhl für Kommunikation und verteilte Systeme (Informatik 4)";"https://online.rwth-aachen.de/RWTHonline/ee/ui/ca2/app/desktop/#/slc.tm.cp/student/courses/561307"
"12.45305";"Modellierung und Verifikation probabilistischer Systeme";"UE";"Mertens, Hannah; Pühl, Lisa Katharina; Quatmann, Tim";"Lehrstuhl für Softwaremodellierung und Verifikation (Informatik 2)";"https://online.rwth-aachen.de/RWTHonline/ee/ui/ca2/app/desktop/#/slc.tm.cp/student/courses/560302"
"12.45304";"Modellierung und Verifikation probabilistischer Systeme";"VO";"Katoen, Joost-Pieter; Quatmann, Tim";"Lehrstuhl für Softwaremodellierung und Verifikation (Informatik 2)";"https://online.rwth-aachen.de/RWTHonline/ee/ui/ca2/app/desktop/#/slc.tm.cp/student/courses/561324"
"12.00103";"Near-term Quantum Computation";"UE";"Bluhm, Jörg Hendrik; Stollenwerk, Tobias";"Lehrstuhl für Experimentalphysik und II. Physikalisches Institut";"https://online.rwth-aachen.de/RWTHonline/ee/ui/ca2/app/desktop/#/slc.tm.cp/student/courses/562681"
"12.00112";"Near-term Quantum Computation";"VO";"Bluhm, Jörg Hendrik; Stollenwerk, Tobias";"Lehrstuhl für Experimentalphysik und II. Physikalisches Institut";"https://online.rwth-aachen.de/RWTHonline/ee/ui/ca2/app/desktop/#/slc.tm.cp/student/courses/564111"
"12.00021";"Network Analytics";"PR";"Schaub, Michael Thomas";"Lehrstuhl für Computational Network Science";"https://online.rwth-aachen.de/RWTHonline/ee/ui/ca2/app/desktop/#/slc.tm.cp/student/courses/586666"
"12.00119";"Neural Networks for Sequence Modeling";"VO";"Schlüter, Ralf; Zeyer, Albert";"Lehrstuhl für Maschinelles Lernen und Inferenz (Informatik 6)";"https://online.rwth-aachen.de/RWTHonline/ee/ui/ca2/app/desktop/#/slc.tm.cp/student/courses/587386"
"12.00120";"Neural Networks for Sequence Modeling";"UE";"Schlüter, Ralf; Zeyer, Albert";"Lehrstuhl für Maschinelles Lernen und Inferenz (Informatik 6)";"https://online.rwth-aachen.de/RWTHonline/ee/ui/ca2/app/desktop/#/slc.tm.cp/student/courses/587388"
"12.00027";"Object-Centric Process Mining";"SE";"van der Aalst, Willibrordus Martinus Pancratius; Liß, Lukas";"Lehrstuhl für Process and Data Science (Informatik 9)";"https://online.rwth-aachen.de/RWTHonline/ee/ui/ca2/app/desktop/#/slc.tm.cp/student/courses/563737"
"81.38477";"Operations Research 2";"VO";"Lübbecke, Marco";"Lehrstuhl für Operations Research";"https://online.rwth-aachen.de/RWTHonline/ee/ui/ca2/app/desktop/#/slc.tm.cp/student/courses/560960"
"81.38478";"Operations Research 2";"UE";"Lübbecke, Marco";"Lehrstuhl für Operations Research";"https://online.rwth-aachen.de/RWTHonline/ee/ui/ca2/app/desktop/#/slc.tm.cp/student/courses/561696"
"11.37999";"Optimierung A";"VU";"Günzel, Harald; Seidel, Jonas";"Lehrstuhl für Analysis und ihre Anwendungen";"https://online.rwth-aachen.de/RWTHonline/ee/ui/ca2/app/desktop/#/slc.tm.cp/student/courses/560379"
"12.47000";"Physikalische Simulation im Visual Computing";"VU";"Bender, Jan Stephen";"Lehr- und Forschungsgebiet Computer Animation";"https://online.rwth-aachen.de/RWTHonline/ee/ui/ca2/app/desktop/#/slc.tm.cp/student/courses/563631"
"81.11000";"Portfolio Management";"UE";"Uddin, Sami";"Lehrstuhl für Betriebswirtschaftslehre, insbesondere Betriebliche Finanzwirtschaft";"https://online.rwth-aachen.de/RWTHonline/ee/ui/ca2/app/desktop/#/slc.tm.cp/student/courses/562267"
"81.10000";"Portfolio Management";"VO";"Uddin, Sami";"Lehrstuhl für Betriebswirtschaftslehre, insbesondere Betriebliche Finanzwirtschaft";"https://online.rwth-aachen.de/RWTHonline/ee/ui/ca2/app/desktop/#/slc.tm.cp/student/courses/562311"
"12.42728";"Post-Desktop User Interfaces";"SE";"Borchers, Jan Oliver";"Lehrstuhl für Medieninformatik und Mensch-Computer-Interaktion (Informatik 10)";"https://online.rwth-aachen.de/RWTHonline/ee/ui/ca2/app/desktop/#/slc.tm.cp/student/courses/562130"
"81.49595";"Praktische Optimierung mit Modellierungssprachen";"VO";"Lübbecke, Marco";"Lehrstuhl für Operations Research";"https://online.rwth-aachen.de/RWTHonline/ee/ui/ca2/app/desktop/#/slc.tm.cp/student/courses/560866"
"81.49597";"Praktische Optimierung mit Modellierungssprachen";"";"Helber, Alexander";"Lehrstuhl für Operations Research";"https://online.rwth-aachen.de/RWTHonline/ee/ui/ca2/app/desktop/#/slc.tm.cp/student/courses/561641"
"12.53583";"Privacy Enhancing Technologies for Data Science";"VU";"Decker, Stefan Josef; Matzutt, Roman; Nitz, Lasse Martin";"Lehrstuhl für Informationssysteme und Datenbanken (Informatik 5)";"https://online.rwth-aachen.de/RWTHonline/ee/ui/ca2/app/desktop/#/slc.tm.cp/student/courses/562090"
"12.00084";"Process Mining in Celonis";"PR";"van der Aalst, Willibrordus Martinus Pancratius; Berti, Alessandro";"Lehrstuhl für Process and Data Science (Informatik 9)";"https://online.rwth-aachen.de/RWTHonline/ee/ui/ca2/app/desktop/#/slc.tm.cp/student/courses/562798"
"12.00053";"Process Mining with Frequencies (BA)";"SE";"Leemans, Sander Jacobus Johannes; Li, Tian";"Lehr- und Forschungsgebiet Business Process Management Foundations and Engineering";"https://online.rwth-aachen.de/RWTHonline/ee/ui/ca2/app/desktop/#/slc.tm.cp/student/courses/563442"
"12.00046";"Process Mining with Frequencies (MA)";"SE";"Leemans, Sander Jacobus Johannes; Li, Tian";"Lehr- und Forschungsgebiet Business Process Management Foundations and Engineering";"https://online.rwth-aachen.de/RWTHonline/ee/ui/ca2/app/desktop/#/slc.tm.cp/student/courses/563874"
"41.04448";"Produktentwicklung in der Verfahrenstechnik";"VO";"Keller, Robert Gregor";"Lehrstuhl für Chemische Verfahrenstechnik und Institut für Verfahrenstechnik";"https://online.rwth-aachen.de/RWTHonline/ee/ui/ca2/app/desktop/#/slc.tm.cp/student/courses/560921"
"41.04350";"Produktentwicklung in der Verfahrenstechnik";"UE";"Keller, Robert Gregor";"Lehrstuhl für Chemische Verfahrenstechnik und Institut für Verfahrenstechnik";"https://online.rwth-aachen.de/RWTHonline/ee/ui/ca2/app/desktop/#/slc.tm.cp/student/courses/560386"
"12.00131";"Programming quantum algorithms";"PR";"Louloudis, Nikolaos";"Lehrstuhl für Quanteninformationssysteme (Informatik 15)";"https://online.rwth-aachen.de/RWTHonline/ee/ui/ca2/app/desktop/#/slc.tm.cp/student/courses/563653"
"12.00016";"Projektarbeit Software Language Engineering";"";"Rumpe, Bernhard Dieter; Drux, Florian; Jansen, Nico; Rapp, Janik; Stachon, Max Philip";"Lehrstuhl für Software Engineering (Informatik 3)";"https://online.rwth-aachen.de/RWTHonline/ee/ui/ca2/app/desktop/#/slc.tm.cp/student/courses/562565"
"81.00047";"Projektmodul: Analytics and Optimization Project";"";"Schneider, Michael David";"Lehrstuhl für Computational Logistics";"https://online.rwth-aachen.de/RWTHonline/ee/ui/ca2/app/desktop/#/slc.tm.cp/student/courses/563476"
"81.39207";"Projektmodul: OR-Praktikum";"";"Lübbecke, Marco";"Lehrstuhl für Operations Research";"https://online.rwth-aachen.de/RWTHonline/ee/ui/ca2/app/desktop/#/slc.tm.cp/student/courses/561952"
"41.28865";"Prozessentwicklung in der Verfahrenstechnik";"VU";"Mitsos, Alexander; Ben Hicham, Karim Kristian; Ebeling, Katharina Maria; Seidenberg, Jan Raphael";"Lehrstuhl für Systemverfahrenstechnik";"https://online.rwth-aachen.de/RWTHonline/ee/ui/ca2/app/desktop/#/slc.tm.cp/student/courses/560797"
"92.00019";"QP Biomedizinische Informatik: How to research? -Eine Reise durch den Werkzeugkasten für die patientenorientierte Forschung (BI014)";"VU";"Lipprandt, Myriam; Röhrig, Rainer";"Institut und Lehrstuhl für Medizinische Informatik";"https://online.rwth-aachen.de/RWTHonline/ee/ui/ca2/app/desktop/#/slc.tm.cp/student/courses/562494"
"13.00020";"Quantum Algorithms";"VU";"Wegewijs, Maarten Rolf";"Lehrstuhl für Theoretische Physik A und Institut für Theorie der statistischen Physik";"https://online.rwth-aachen.de/RWTHonline/ee/ui/ca2/app/desktop/#/slc.tm.cp/student/courses/563705"
"12.00132";"Quantum cryptography";"SE";"Unruh, Dominique";"Lehrstuhl für Quanteninformationssysteme (Informatik 15)";"https://online.rwth-aachen.de/RWTHonline/ee/ui/ca2/app/desktop/#/slc.tm.cp/student/courses/564023"
"13.33480";"Quantum Information";"VU";"Berta, Mario Andrea";"Lehrstuhl für Quanteninformationstheorie";"https://online.rwth-aachen.de/RWTHonline/ee/ui/ca2/app/desktop/#/slc.tm.cp/student/courses/561214"
"12.00133";"Quantum Program Verification";"SE";"Gehnen, Christina";"Lehrstuhl für Quanteninformationssysteme (Informatik 15)";"https://online.rwth-aachen.de/RWTHonline/ee/ui/ca2/app/desktop/#/slc.tm.cp/student/courses/563654"
"12.00159";"Real-Time Systems and Applications";"VO";"Chen, Jian-Jia";"Lehrstuhl für Cyber-Physische Systeme";"https://online.rwth-aachen.de/RWTHonline/ee/ui/ca2/app/desktop/#/slc.tm.cp/student/courses/588253"
"12.00141";"Real-Time Systems and Applications";"UE";"Chen, Jian-Jia";"Lehrstuhl für Cyber-Physische Systeme";"https://online.rwth-aachen.de/RWTHonline/ee/ui/ca2/app/desktop/#/slc.tm.cp/student/courses/588254"
"42.00040";"Reinforcement Learning and Learning-based Control";"VO";"Solowjow, Friedrich; Trimpe, Johann Sebastian";"Lehrstuhl für Data Science im Maschinenbau";"https://online.rwth-aachen.de/RWTHonline/ee/ui/ca2/app/desktop/#/slc.tm.cp/student/courses/562983"
"42.00015";"Reinforcement Learning and Learning-based Control";"UE";"Eisele, Artur; Frauenknecht, Bernd; Kruse, Paul Alexander";"Lehrstuhl für Data Science im Maschinenbau";"https://online.rwth-aachen.de/RWTHonline/ee/ui/ca2/app/desktop/#/slc.tm.cp/student/courses/562791"
"12.00127";"Renewable Energy: Simulation on Mobile using Swift";"PR";"Richter, Pascal";"Lehr- und Forschungsgebiet Theorie Hybrider Systeme";"https://online.rwth-aachen.de/RWTHonline/ee/ui/ca2/app/desktop/#/slc.tm.cp/student/courses/563019"
"12.00140";"Research Focus Class in Didaktik der Informatik";"";"Bergner, Nadine";"Lehr- und Forschungsgebiet Didaktik der Informatik";"https://online.rwth-aachen.de/RWTHonline/ee/ui/ca2/app/desktop/#/slc.tm.cp/student/courses/563176"
"12.00158";"Research Focus Class: Research Methods and Paradigms in Research Software Engineering for Learning Technologies";"";"Heinemann, Birte";"Lehr- und Forschungsgebiet Lerntechnologien";"https://online.rwth-aachen.de/RWTHonline/ee/ui/ca2/app/desktop/#/slc.tm.cp/student/courses/586789"
"76.16200";"Research Lab Computational Social Science (Applied Computational Social Sciences)";"PR";"Wagner, Claudia";"Lehrstuhl für Angewandte computerbasierte Sozialwissenschaften";"https://online.rwth-aachen.de/RWTHonline/ee/ui/ca2/app/desktop/#/slc.tm.cp/student/courses/586945"
"12.00111";"Research Software Engineering Management and Communication";"SE";"Schmidt, Marc";"Lehrstuhl für Software Engineering (Informatik 3)";"https://online.rwth-aachen.de/RWTHonline/ee/ui/ca2/app/desktop/#/slc.tm.cp/student/courses/587081"
"12.00125";"Robust Deep Learning";"SE";"Kaulen, Konstantin; Münz, Anna Louisa";"Lehrstuhl für Methodik der Künstlichen Intelligenz (Informatik 14)";"https://online.rwth-aachen.de/RWTHonline/ee/ui/ca2/app/desktop/#/slc.tm.cp/student/courses/563222"
"41.04485";"RWTH: Computerunterstützte Chirurgietechnik";"VO";"Radermacher, Klaus Michael";"Lehrstuhl für Medizintechnik";"https://online.rwth-aachen.de/RWTHonline/ee/ui/ca2/app/desktop/#/slc.tm.cp/student/courses/561213"
"12.38226";"Satisfiability Checking";"SE";"Giesl, Jürgen; Abraham, Erika";"Lehr- und Forschungsgebiet Programmiersprachen und Verifikation";"https://online.rwth-aachen.de/RWTHonline/ee/ui/ca2/app/desktop/#/slc.tm.cp/student/courses/560637"
"12.35202";"Security Lab";"PR";"Meyer, Ulrike Michaela; Bönnen, Clemens; Ehrmanntraut, Vincent Cosme; Löbel, Alexander";"Lehr- und Forschungsgebiet IT-Sicherheit";"https://online.rwth-aachen.de/RWTHonline/ee/ui/ca2/app/desktop/#/slc.tm.cp/student/courses/564206"
"12.19465";"Selected Topics in Machine Learning and Human Language Technology (Bachelor)";"SE";"Schlüter, Ralf; Wu, Haotian";"Lehrstuhl für Maschinelles Lernen und Inferenz (Informatik 6)";"https://online.rwth-aachen.de/RWTHonline/ee/ui/ca2/app/desktop/#/slc.tm.cp/student/courses/561466"
"12.10003";"Selected Topics in Machine Learning and Human Language Technology (Master)";"SE";"Schlüter, Ralf; Wu, Haotian";"Lehrstuhl für Maschinelles Lernen und Inferenz (Informatik 6)";"https://online.rwth-aachen.de/RWTHonline/ee/ui/ca2/app/desktop/#/slc.tm.cp/student/courses/561465"
"12.25104";"Selected Topics in Process Mining";"SE";"van der Aalst, Willibrordus Martinus Pancratius; Peeva, Viki";"Lehrstuhl für Process and Data Science (Informatik 9)";"https://online.rwth-aachen.de/RWTHonline/ee/ui/ca2/app/desktop/#/slc.tm.cp/student/courses/562062"
"12.24009";"Seminar: Advanced Internet Technology";"SE";"Wehrle, Klaus; Thißen, Dirk";"Lehrstuhl für Kommunikation und verteilte Systeme (Informatik 4)";"https://online.rwth-aachen.de/RWTHonline/ee/ui/ca2/app/desktop/#/slc.tm.cp/student/courses/560803"
"KP.00006";"Seminar: Advanced Topics in Cryptography";"SE";"Nüsken, Michael";"Bonn-Aachen International Center for Information Technology";"https://online.rwth-aachen.de/RWTHonline/ee/ui/ca2/app/desktop/#/slc.tm.cp/student/courses/562781"
"KP.00016";"Seminar: AI Ethics";"SE";"Flek, Lucie";"Bonn-Aachen International Center for Information Technology";"https://online.rwth-aachen.de/RWTHonline/ee/ui/ca2/app/desktop/#/slc.tm.cp/student/courses/563500"
"12.53769";"Seminar: Aktuellen Themen im Bereich Hochleistungsrechnen (HPC)";"SE";"Wienke, Sandra Juliane; Müller, Matthias Stefan; Thärigen, Ben";"Lehrstuhl für Hochleistungsrechnen (Informatik 12)";"https://online.rwth-aachen.de/RWTHonline/ee/ui/ca2/app/desktop/#/slc.tm.cp/student/courses/560909"
"12.42436";"Seminar: Complexity Theory";"SE";"Grohe, Martin; Feith, Julia Catherine";"Lehrstuhl für Logik und Theorie diskreter Systeme (Informatik 7)";"https://online.rwth-aachen.de/RWTHonline/ee/ui/ca2/app/desktop/#/slc.tm.cp/student/courses/562133"
"71.10002";"Seminar Ethics of Economics (Angewandte Ethik)";"SE";"Conradie, Niel Henk; Nagel, Saskia Kathi";"Lehrstuhl für Angewandte Ethik";"https://online.rwth-aachen.de/RWTHonline/ee/ui/ca2/app/desktop/#/slc.tm.cp/student/courses/562228"
"12.24008";"Seminar: Internet Technology";"SE";"Wehrle, Klaus; Thißen, Dirk";"Lehrstuhl für Kommunikation und verteilte Systeme (Informatik 4)";"https://online.rwth-aachen.de/RWTHonline/ee/ui/ca2/app/desktop/#/slc.tm.cp/student/courses/560331"
"75.00096";"Seminar Introduction to Human-Robot-Interaction (Current Topics in Media Psychology)   (Technik und Individuum)";"SE";"Abrams, Anna Maria Helene; Schenk, Ann-Sophie Lien";"Lehrstuhl für Technik und Individuum";"https://online.rwth-aachen.de/RWTHonline/ee/ui/ca2/app/desktop/#/slc.tm.cp/student/courses/562241"
"12.40002";"Seminar Komplexitätstheorie II";"SE";"Grohe, Martin";"Lehrstuhl für Logik und Theorie diskreter Systeme (Informatik 7)";"https://online.rwth-aachen.de/RWTHonline/ee/ui/ca2/app/desktop/#/slc.tm.cp/student/courses/562131"
"12.40003";"Seminar Komplexitätstheorie III";"SE";"Grohe, Martin";"Lehrstuhl für Logik und Theorie diskreter Systeme (Informatik 7)";"https://online.rwth-aachen.de/RWTHonline/ee/ui/ca2/app/desktop/#/slc.tm.cp/student/courses/562132"
"71.10014";"Seminar Methods for Moral Philosophy: the ethicist’s toolbox (Angewandte Ethik)";"SE";"Colombo, Camilla Francesca";"Lehrstuhl für Angewandte Ethik";"https://online.rwth-aachen.de/RWTHonline/ee/ui/ca2/app/desktop/#/slc.tm.cp/student/courses/562142"
"71.20038";"Seminar ""Modelling for Policy"" (Wissenschaftstheorie und Technikphilosophie)";"SE";"Pantsar, Markus";"Lehrstuhl für Wissenschaftstheorie und Technikphilosophie und Philosophisches Institut";"https://online.rwth-aachen.de/RWTHonline/ee/ui/ca2/app/desktop/#/slc.tm.cp/student/courses/562184"
"71.10018";"Seminar Reading Club: Advanced Topics in Applied Ethics (Angewandte Ethik)";"SE";"Nagel, Saskia Kathi";"Lehrstuhl für Angewandte Ethik";"https://online.rwth-aachen.de/RWTHonline/ee/ui/ca2/app/desktop/#/slc.tm.cp/student/courses/573601"
"12.00036";"Seminar: Social Virtual Reality: Agenten, Avatare und Interaktionsdynamiken";"SE";"Bönsch, Andrea; Kuhlen, Torsten";"Lehr- und Forschungsgebiet Virtuelle Realität und Immersive Visualisierung";"https://online.rwth-aachen.de/RWTHonline/ee/ui/ca2/app/desktop/#/slc.tm.cp/student/courses/563993"
"KP.00010";"Seminar: Text Mining";"SE";"Sifa, Rafet";"Bonn-Aachen International Center for Information Technology";"https://online.rwth-aachen.de/RWTHonline/ee/ui/ca2/app/desktop/#/slc.tm.cp/student/courses/562740"
"12.24010";"Seminars on Internet Technology and Advanced Internet Technology";"SE";"Pennekamp, Jan Niklas; Wehrle, Klaus";"Lehrstuhl für Kommunikation und verteilte Systeme (Informatik 4)";"https://online.rwth-aachen.de/RWTHonline/ee/ui/ca2/app/desktop/#/slc.tm.cp/student/courses/563067"
"12.29410";"Shape Analysis and 3D Deep Learning";"VO";"Lim, Isaak";"Lehrstuhl für Computergraphik, Geometrie und Multimedia (Informatik 8)";"https://online.rwth-aachen.de/RWTHonline/ee/ui/ca2/app/desktop/#/slc.tm.cp/student/courses/563712"
"12.29411";"Shape Analysis and 3D Deep Learning";"UE";"Lim, Isaak";"Lehrstuhl für Computergraphik, Geometrie und Multimedia (Informatik 8)";"https://online.rwth-aachen.de/RWTHonline/ee/ui/ca2/app/desktop/#/slc.tm.cp/student/courses/563520"
"12.00114";"Smart Offline Caching for Immersive 360° Learning Environments";"PR";"Ehlenz, Matthias Siegfried";"Lehr- und Forschungsgebiet Lerntechnologien";"https://online.rwth-aachen.de/RWTHonline/ee/ui/ca2/app/desktop/#/slc.tm.cp/student/courses/587082"
"92.19003";"Software Lab in Bioinformatics";"PR";"Gesteira Costa Filho, Ivan";"Institut und Lehrstuhl für Computergestützte Genomik";"https://online.rwth-aachen.de/RWTHonline/ee/ui/ca2/app/desktop/#/slc.tm.cp/student/courses/563404"
"12.00022";"Software Language Engineering";"VU";"Rumpe, Bernhard Dieter; Drux, Florian; Jansen, Nico; Rapp, Janik; Stachon, Max Philip";"Lehrstuhl für Software Engineering (Informatik 3)";"https://online.rwth-aachen.de/RWTHonline/ee/ui/ca2/app/desktop/#/slc.tm.cp/student/courses/562325"
"41.20320";"Softwareentwicklung in der Medizintechnik";"UE";"de la Fuente Klein, Matias";"Lehrstuhl für Medizintechnik";"https://online.rwth-aachen.de/RWTHonline/ee/ui/ca2/app/desktop/#/slc.tm.cp/student/courses/560635"
"12.35666";"Software-Projektmanagement";"UE";"Lichter, Horst; Slupczynski, Ada Magdalena";"Lehr- und Forschungsgebiet Softwarekonstruktion";"https://online.rwth-aachen.de/RWTHonline/ee/ui/ca2/app/desktop/#/slc.tm.cp/student/courses/560438"
"12.03703";"Software-Projektmanagement";"VO";"Lichter, Horst";"Lehr- und Forschungsgebiet Softwarekonstruktion";"https://online.rwth-aachen.de/RWTHonline/ee/ui/ca2/app/desktop/#/slc.tm.cp/student/courses/561859"
"54.04489";"Spezielle Aspekte der Biowerkstoffkunde";"VO";"Fischer, Horst";"Lehr- und Forschungsgebiet Zahnärztliche Werkstoffkunde und Biomaterialforschung";"https://online.rwth-aachen.de/RWTHonline/ee/ui/ca2/app/desktop/#/slc.tm.cp/student/courses/561127"
"12.53694";"Spezielle Themen der Virtuellen Realität (VR II)";"VU";"Kuhlen, Torsten; Weißker, Tim Wayan";"Lehr- und Forschungsgebiet Virtuelle Realität und Immersive Visualisierung";"https://online.rwth-aachen.de/RWTHonline/ee/ui/ca2/app/desktop/#/slc.tm.cp/student/courses/561572"
"12.34277";"Statische Programmanalyse";"UE";"Michnia, Jan-Gustav; Winkler, Tobias";"Lehrstuhl für Softwaremodellierung und Verifikation (Informatik 2)";"https://online.rwth-aachen.de/RWTHonline/ee/ui/ca2/app/desktop/#/slc.tm.cp/student/courses/575559"
"12.34278";"Statische Programmanalyse";"VO";"Noll, Thomas";"Lehrstuhl für Softwaremodellierung und Verifikation (Informatik 2)";"https://online.rwth-aachen.de/RWTHonline/ee/ui/ca2/app/desktop/#/slc.tm.cp/student/courses/575560"
"16.05646";"Stoffproduktionen und Omics-Technologien";"VO";"Reiss, Monika";"Lehrstuhl für Biotechnologie";"https://online.rwth-aachen.de/RWTHonline/ee/ui/ca2/app/desktop/#/slc.tm.cp/student/courses/561636"
"41.24703";"Strömungsmechanik I (Bachelor-Studium)";"VO";"Krug, Dominik Johannes";"Lehrstuhl für Strömungsmechanik und Aerodynamisches Institut";"https://online.rwth-aachen.de/RWTHonline/ee/ui/ca2/app/desktop/#/slc.tm.cp/student/courses/560352"
"41.24705";"Strömungsmechanik I (Bachelor-Studium)";"UE";"Krug, Dominik Johannes";"Lehrstuhl für Strömungsmechanik und Aerodynamisches Institut";"https://online.rwth-aachen.de/RWTHonline/ee/ui/ca2/app/desktop/#/slc.tm.cp/student/courses/560339"
"41.36311";"Strömungsmechanik I (Bachelor-Studium)";"";"Krug, Dominik Johannes";"Lehrstuhl für Strömungsmechanik und Aerodynamisches Institut";"https://online.rwth-aachen.de/RWTHonline/ee/ui/ca2/app/desktop/#/slc.tm.cp/student/courses/561402"
"12.25108";"Supervised Process Intelligence";"PR";"van der Aalst, Willibrordus Martinus Pancratius; Berti, Alessandro";"Lehrstuhl für Process and Data Science (Informatik 9)";"https://online.rwth-aachen.de/RWTHonline/ee/ui/ca2/app/desktop/#/slc.tm.cp/student/courses/561989"
"12.00134";"Systems Evaluation and Reproducibility";"SE";"Gouicem, Redha";"Lehr- und Forschungsgebiet Betriebssysteme";"https://online.rwth-aachen.de/RWTHonline/ee/ui/ca2/app/desktop/#/slc.tm.cp/student/courses/564046"
"61.23028";"Systemtheorie 1";"VO";"Ebenbauer, Christian Johannes; Reyer, Michael";"Lehrstuhl für Intelligente Regelungssysteme";"https://online.rwth-aachen.de/RWTHonline/ee/ui/ca2/app/desktop/#/slc.tm.cp/student/courses/561165"
"61.23030";"Systemtheorie 1";"UE";"Reyer, Michael; Weber, Marc";"Lehrstuhl für Intelligente Regelungssysteme";"https://online.rwth-aachen.de/RWTHonline/ee/ui/ca2/app/desktop/#/slc.tm.cp/student/courses/561003"
"61.47434";"Systemtheorie 1 - Kleingruppenübung";"TU";"Reyer, Michael; Weber, Marc";"Lehrstuhl für Intelligente Regelungssysteme";"https://online.rwth-aachen.de/RWTHonline/ee/ui/ca2/app/desktop/#/slc.tm.cp/student/courses/560244"
"61.54155";"Theoretische Grundlagen der Hochfrequenztechnik (deutsch)";"UE";"Negra, Renato; Thiel, Björn Thorsten";"Lehrstuhl für Höchstfrequenzelektronik";"https://online.rwth-aachen.de/RWTHonline/ee/ui/ca2/app/desktop/#/slc.tm.cp/student/courses/560903"
"61.50001";"Theoretische Grundlagen der Hochfrequenztechnik (deutsch)";"VO";"Negra, Renato; Wei, Muh-Dey";"Lehrstuhl für Höchstfrequenzelektronik";"https://online.rwth-aachen.de/RWTHonline/ee/ui/ca2/app/desktop/#/slc.tm.cp/student/courses/561732"
"61.02424";"Theoretische Informationstechnik 2";"VO";"Schmeink, Anke";"Lehrstuhl für Informationstheorie und Datenanalytik";"https://online.rwth-aachen.de/RWTHonline/ee/ui/ca2/app/desktop/#/slc.tm.cp/student/courses/561180"
"61.06535";"Theoretische Informationstechnik 2";"UE";"Schmeink, Anke; El Hadj Khalifa, Hazem; Walger, Felix Peter Heinrich Gerhard; Zhang, Huanyu";"Lehrstuhl für Informationstheorie und Datenanalytik";"https://online.rwth-aachen.de/RWTHonline/ee/ui/ca2/app/desktop/#/slc.tm.cp/student/courses/561940"
"12.99001";"Theory of Machine Learning on Graphs";"SE";"Morris, Christopher";"Lehrstuhl für Maschinelles Lernen auf Graphen";"https://online.rwth-aachen.de/RWTHonline/ee/ui/ca2/app/desktop/#/slc.tm.cp/student/courses/563172"
"12.00098";"Topics in Network Science";"SE";"Schaub, Michael Thomas";"Lehrstuhl für Computational Network Science";"https://online.rwth-aachen.de/RWTHonline/ee/ui/ca2/app/desktop/#/slc.tm.cp/student/courses/562599"
"12.00110";"Trends in Model Checking";"SE";"Katoen, Joost-Pieter; Noll, Thomas; Quatmann, Tim";"Lehrstuhl für Softwaremodellierung und Verifikation (Informatik 2)";"https://online.rwth-aachen.de/RWTHonline/ee/ui/ca2/app/desktop/#/slc.tm.cp/student/courses/563565"
"41.03237";"Übung Bioreaktortechnik";"UE";"Magnus, Jørgen Barsett";"Lehrstuhl für Bioverfahrenstechnik";"https://online.rwth-aachen.de/RWTHonline/ee/ui/ca2/app/desktop/#/slc.tm.cp/student/courses/561374"
"75.00097";"Übung Individuals and Technology - Advancing Seminar (Technik und Individuum)";"UE";"Schiffer, Stefan";"Lehrstuhl für Technik und Individuum";"https://online.rwth-aachen.de/RWTHonline/ee/ui/ca2/app/desktop/#/slc.tm.cp/student/courses/562148"
"12.25105";"Unsupervised Process Mining";"PR";"van der Aalst, Willibrordus Martinus Pancratius; Beyel, Harry Herbert";"Lehrstuhl für Process and Data Science (Informatik 9)";"https://online.rwth-aachen.de/RWTHonline/ee/ui/ca2/app/desktop/#/slc.tm.cp/student/courses/561988"
"81.45931";"Unternehmensbewertung";"VO";"Breuer, Wolfgang";"Lehrstuhl für Betriebswirtschaftslehre, insbesondere Betriebliche Finanzwirtschaft";"https://online.rwth-aachen.de/RWTHonline/ee/ui/ca2/app/desktop/#/slc.tm.cp/student/courses/560514"
"81.45934";"Unternehmensbewertung";"UE";"Algazzar, Ahmed Amr Mohamed";"Lehrstuhl für Betriebswirtschaftslehre, insbesondere Betriebliche Finanzwirtschaft";"https://online.rwth-aachen.de/RWTHonline/ee/ui/ca2/app/desktop/#/slc.tm.cp/student/courses/561082"
"12.00113";"Visualisierung von Dienstplänen im Krankenhaus";"PR";"Büsing, Christina Maria Katharina; Leweke, Johanna Lina";"Lehr- und Forschungsgebiet Kombinatorische Optimierung";"https://online.rwth-aachen.de/RWTHonline/ee/ui/ca2/app/desktop/#/slc.tm.cp/student/courses/563970"
"61.30004";"VLSI-Schaltungen und -Architekturen";"VO";"Gemmeke, Tobias";"Lehrstuhl für Integrierte digitale Systeme und Schaltungsentwurf";"https://online.rwth-aachen.de/RWTHonline/ee/ui/ca2/app/desktop/#/slc.tm.cp/student/courses/561162"
"61.30010";"VLSI-Schaltungen und -Architekturen";"UE";"Gemmeke, Tobias";"Lehrstuhl für Integrierte digitale Systeme und Schaltungsentwurf";"https://online.rwth-aachen.de/RWTHonline/ee/ui/ca2/app/desktop/#/slc.tm.cp/student/courses/560513"
"41.02705";"Vorlesung Bioreaktortechnik";"VO";"Magnus, Jørgen Barsett";"Lehrstuhl für Bioverfahrenstechnik";"https://online.rwth-aachen.de/RWTHonline/ee/ui/ca2/app/desktop/#/slc.tm.cp/student/courses/560776"
"41.04487";"Vorlesung Online-Analytik von Fermentationsprozessen";"VO";"Steier, Valentin; Magnus, Jørgen Barsett; Mann, Marcel";"Lehrstuhl für Bioverfahrenstechnik";"https://online.rwth-aachen.de/RWTHonline/ee/ui/ca2/app/desktop/#/slc.tm.cp/student/courses/560657"
"71.20016";"Vorlesung ""Philosophy of Computational Sciences"" (Wissenschaftstheorie und Technikphilosophie)";"VO";"Pantsar, Markus";"Lehrstuhl für Wissenschaftstheorie und Technikphilosophie und Philosophisches Institut";"https://online.rwth-aachen.de/RWTHonline/ee/ui/ca2/app/desktop/#/slc.tm.cp/student/courses/562183"
"71.10010";"Vorlesung/Lecture Ethics, Technology and Data (Angewandte Ethik/ Applied Ethics)";"VO";"Nagel, Saskia Kathi";"Lehrstuhl für Angewandte Ethik";"https://online.rwth-aachen.de/RWTHonline/ee/ui/ca2/app/desktop/#/slc.tm.cp/student/courses/562726"
